{
    "total_songs": 1688,
    "explicit_songs": 373,
    "popularity": {
        "0-9": 3.7914691943127963,
        "10-19": 0.2962085308056872,
        "20-29": 0.8886255924170616,
        "30-39": 2.251184834123223,
        "40-49": 3.1990521327014214,
        "50-59": 6.93127962085308,
        "60-69": 21.504739336492893,
        "70-79": 39.15876777251185,
        "80-89": 20.85308056872038,
        "90-99": 1.1255924170616114
    },
    "danceability": {
        "0.0-0.1": 0.0,
        "0.1-0.2": 0.17772511848341233,
        "0.2-0.3": 1.7180094786729858,
        "0.3-0.4": 6.161137440758294,
        "0.4-0.5": 11.018957345971565,
        "0.5-0.6": 22.393364928909953,
        "0.6-0.7": 25.829383886255926,
        "0.7-0.8": 22.68957345971564,
        "0.8-0.9": 7.938388625592417,
        "0.9-1.0": 2.0734597156398102
    },
    "energy": {
        "0.0-0.1": 0.23696682464454977,
        "0.1-0.2": 1.481042654028436,
        "0.2-0.3": 3.909952606635071,
        "0.3-0.4": 7.464454976303317,
        "0.4-0.5": 11.374407582938389,
        "0.5-0.6": 16.94312796208531,
        "0.6-0.7": 19.37203791469194,
        "0.7-0.8": 20.497630331753555,
        "0.8-0.9": 14.099526066350712,
        "0.9-1.0": 4.62085308056872
    },
    "speechiness": {
        "0.0-0.1": 81.3388625592417,
        "0.1-0.2": 10.485781990521327,
        "0.2-0.3": 4.739336492890995,
        "0.3-0.4": 2.5473933649289098,
        "0.4-0.5": 0.47393364928909953,
        "0.5-0.6": 0.2962085308056872,
        "0.6-0.7": 0.05924170616113744,
        "0.7-0.8": 0.05924170616113744,
        "0.8-0.9": 0.0,
        "0.9-1.0": 0.0
    },
    "acousticness": {
        "0.0-0.1": 43.127962085308056,
        "0.1-0.2": 14.691943127962084,
        "0.2-0.3": 9.656398104265403,
        "0.3-0.4": 7.464454976303317,
        "0.4-0.5": 4.976303317535545,
        "0.5-0.6": 4.561611374407583,
        "0.6-0.7": 4.502369668246446,
        "0.7-0.8": 5.154028436018957,
        "0.8-0.9": 3.850710900473934,
        "0.9-1.0": 2.014218009478673
    },
    "instrumentalness": {
        "0.0-0.1": 97.27488151658767,
        "0.1-0.2": 1.481042654028436,
        "0.2-0.3": 0.35545023696682465,
        "0.3-0.4": 0.23696682464454977,
        "0.4-0.5": 0.11848341232227488,
        "0.5-0.6": 0.11848341232227488,
        "0.6-0.7": 0.05924170616113744,
        "0.7-0.8": 0.11848341232227488,
        "0.8-0.9": 0.11848341232227488,
        "0.9-1.0": 0.11848341232227488
    },
    "liveness": {
        "0.0-0.1": 32.46445497630332,
        "0.1-0.2": 43.127962085308056,
        "0.2-0.3": 9.95260663507109,
        "0.3-0.4": 8.886255924170616,
        "0.4-0.5": 1.7180094786729858,
        "0.5-0.6": 1.5402843601895735,
        "0.6-0.7": 1.3033175355450237,
        "0.7-0.8": 0.5924170616113744,
        "0.8-0.9": 0.35545023696682465,
        "0.9-1.0": 0.05924170616113744
    },
    "valence": {
        "0.0-0.1": 2.31042654028436,
        "0.1-0.2": 9.47867298578199,
        "0.2-0.3": 11.61137440758294,
        "0.3-0.4": 13.151658767772512,
        "0.4-0.5": 16.765402843601894,
        "0.5-0.6": 13.329383886255924,
        "0.6-0.7": 10.545023696682465,
        "0.7-0.8": 10.071090047393366,
        "0.8-0.9": 8.530805687203792,
        "0.9-1.0": 4.206161137440758
    },
    "loudness": {
        "-0 to -9": 0.0,
        "-10 to -19": 87.91469194312796,
        "-20 to -29": 11.966824644549764,
        "-30 to -39": 0.11848341232227488,
        "-40 to -49": 0.0,
        "-50 to -59": 0.0
    },
    "key": {
        "C": 14.277251184834123,
        "C#": 11.018957345971565,
        "D": 9.300947867298579,
        "D#": 2.7251184834123223,
        "E": 8.293838862559241,
        "F": 9.834123222748815,
        "F#": 6.6350710900473935,
        "G": 9.893364928909952,
        "G#": 6.398104265402843,
        "A": 7.701421800947868,
        "A#": 5.983412322274882,
        "B": 7.938388625592417
    },
    "genre_frequency": {
        "pop": 916,
        "rap": 322,
        "dance pop": 235,
        "rock": 224,
        "hip hop": 192,
        "modern rock": 132,
        "pop rap": 130,
        "uk pop": 100,
        "neo mellow": 95,
        "classic rock": 92,
        "trap": 89,
        "permanent wave": 83,
        "canadian pop": 77,
        "atl hip hop": 73,
        "melodic rap": 70,
        "r&b": 64,
        "pop rock": 62,
        "singer-songwriter pop": 60,
        "post-teen pop": 58,
        "soft rock": 58,
        "pov: indie": 56,
        "edm": 48,
        "pop dance": 46,
        "neo soul": 45,
        "urban contemporary": 44,
        "chicago rap": 42,
        "psychedelic rock": 42,
        "southern hip hop": 41,
        "new wave pop": 41,
        "british invasion": 41,
        "viral pop": 40,
        "singer-songwriter": 40,
        "album rock": 40,
        "mellow gold": 39,
        "merseybeat": 39,
        "piano rock": 38,
        "art pop": 32,
        "alt z": 30,
        "boy band": 28,
        "alternative rock": 28,
        "stomp and holler": 27,
        "metropopolis": 25,
        "talent show": 24,
        "conscious hip hop": 24,
        "movie tunes": 24,
        "lilith": 24,
        "": 23,
        "soul": 23,
        "melancholia": 23,
        "gangster rap": 22,
        "canadian hip hop": 22,
        "indietronica": 21,
        "uk dance": 21,
        "modern alternative rock": 21,
        "folk-pop": 20,
        "new romantic": 20,
        "canadian contemporary r&b": 19,
        "glam rock": 19,
        "post-grunge": 19,
        "new wave": 19,
        "lgbtq+ hip hop": 18,
        "pop soul": 18,
        "art rock": 18,
        "miami hip hop": 17,
        "slap house": 17,
        "hip pop": 17,
        "west coast rap": 17,
        "electropop": 16,
        "pop punk": 16,
        "barbadian pop": 14,
        "british soul": 14,
        "hollywood": 14,
        "yacht rock": 14,
        "gen z singer-songwriter": 14,
        "oxford indie": 14,
        "progressive electro house": 13,
        "electro house": 13,
        "bedroom pop": 13,
        "acoustic pop": 13,
        "pop r&b": 12,
        "synthpop": 12,
        "dance rock": 12,
        "dirty south rap": 12,
        "hard rock": 12,
        "disco": 12,
        "show tunes": 12,
        "alternative metal": 12,
        "contemporary country": 11,
        "adult standards": 11,
        "ectofolk": 11,
        "escape room": 11,
        "east coast hip hop": 11,
        "folk rock": 11,
        "colombian pop": 11,
        "europop": 11,
        "indie soul": 11,
        "indie poptimism": 10,
        "dfw rap": 10,
        "country": 10,
        "detroit hip hop": 10,
        "underground hip hop": 10,
        "seattle hip hop": 10,
        "motown": 10,
        "candy pop": 10,
        "brostep": 9,
        "neon pop punk": 9,
        "indie pop": 9,
        "reggaeton": 9,
        "urbano latino": 9,
        "deep underground hip hop": 9,
        "north carolina hip hop": 9,
        "contemporary r&b": 9,
        "funk": 9,
        "rage rap": 9,
        "reggae fusion": 8,
        "emo rap": 8,
        "house": 8,
        "progressive house": 8,
        "trap latino": 8,
        "pop edm": 8,
        "kentucky hip hop": 8,
        "k-pop": 8,
        "indie folk": 8,
        "punk": 8,
        "atl trap": 7,
        "australian pop": 7,
        "scandipop": 7,
        "swedish pop": 7,
        "garage rock": 7,
        "indie rock": 7,
        "girl group": 7,
        "baroque pop": 7,
        "folk": 7,
        "broadway": 7,
        "etherpop": 6,
        "country road": 6,
        "sad rap": 6,
        "uk hip hop": 6,
        "latin pop": 6,
        "uk funky": 6,
        "australian hip hop": 6,
        "pittsburgh rap": 6,
        "vocal jazz": 6,
        "uk contemporary r&b": 6,
        "queens hip hop": 6,
        "trap queen": 6,
        "canadian rock": 6,
        "madchester": 6,
        "electro": 6,
        "filter house": 6,
        "emo": 6,